uniq_subreddit,total_authors,last_year_commented,number_of_months
AskReddit,56027839,2019,138
funny,22790317,2019,138
pics,21569458,2019,138
gaming,15420264,2019,140
videos,13292001,2019,138
todayilearned,12792142,2019,127
WTF,11635209,2019,138
worldnews,10834008,2019,138
politics,9306167,2019,141
gifs,8795054,2019,121
aww,8601035,2019,138
movies,8411325,2019,138
news,8077219,2019,137
IAmA,7536571,2019,122
technology,4736107,2019,138
Music,4711179,2019,138
nba,3846471,2019,121
atheism,3711722,2019,138
soccer,3520704,2019,133
television,3086414,2019,136
science,3063431,2019,151
interestingasfuck,2723729,2019,128
Games,2677507,2019,127
gonewild,2656258,2019,127
Jokes,2455894,2019,138
wow,2370002,2019,129
books,2361293,2019,138
Fitness,2257537,2019,134
food,2236172,2019,138
Android,2150974,2019,131
hockey,1969738,2019,131
sports,1946003,2019,140
sex,1894451,2019,138
anime,1890023,2019,138
fffffffuuuuuuuuuuuu,1610939,2019,126
StarWars,1540071,2019,132
MMA,1459325,2019,136
space,1446895,2019,136
baseball,1436246,2019,129
relationship_advice,1430700,2019,121
canada,1412826,2019,138
apple,1388494,2019,138
europe,1371245,2019,137
magicTCG,1364864,2019,126
programming,1329512,2019,159
DIY,1318020,2019,137
4chan,1259883,2019,138
conspiracy,1236402,2019,137
cars,1226471,2019,129
bestof,1169744,2019,138
pcgaming,1165946,2019,126
Drugs,1100792,2019,137
Frugal,1094092,2019,136
Documentaries,1065331,2019,134
Art,1051929,2019,136
PoliticalHumor,1037792,2019,130
guns,1034038,2019,136
starcraft,1033350,2019,127
gadgets,1012575,2019,140
motorcycles,980839,2019,133
tf2,977987,2019,129
formula1,907332,2019,126
comics,891530,2019,138
sysadmin,888723,2019,124
cats,887776,2019,125
australia,875981,2019,137
unitedkingdom,865393,2019,135
history,822811,2019,138
electronic_cigarette,815180,2019,126
iphone,795492,2019,136
Libertarian,794513,2019,136
Cooking,794480,2019,138
depression,758645,2019,126
Guitar,742527,2019,133
GameDeals,732874,2019,121
nsfw,678810,2019,160
linux,674537,2019,138
circlejerk,663193,2019,127
bicycling,662043,2019,134
photography,650645,2019,137
offbeat,650145,2019,138
comicbooks,641565,2019,132
self,628803,2019,137
travel,615447,2019,136
tattoos,611361,2019,126
Eve,608795,2019,126
Christianity,599843,2019,137
childfree,578186,2019,123
Parenting,572334,2019,136
doctorwho,571038,2019,136
TrueReddit,566641,2019,122
scifi,556758,2019,137
MensRights,553260,2019,136
toronto,539635,2019,124
listentothis,537625,2019,122
running,537210,2019,122
vegan,529745,2019,133
geek,523193,2019,138
investing,515051,2019,132
startrek,508094,2019,128
