uniq_subreddit,total_comments,last_year_commented,number_of_months
AskReddit,438964917,2019,138
politics,102731735,2019,141
funny,85440060,2019,138
pics,77443968,2019,138
gaming,59167870,2019,140
nba,58644802,2019,121
worldnews,57887211,2019,138
videos,45349443,2019,138
news,44580925,2019,137
todayilearned,43168888,2019,127
soccer,42611674,2019,133
WTF,41233022,2019,138
movies,31699681,2019,138
hockey,29955659,2019,131
IAmA,24004103,2019,122
gonewild,23121993,2019,127
gifs,21758564,2019,121
atheism,21482298,2019,138
aww,21066498,2019,138
MMA,17369573,2019,136
anime,17212149,2019,138
wow,16278355,2019,129
technology,16025871,2019,138
Games,16009040,2019,127
baseball,13012232,2019,129
Fitness,11934798,2019,134
europe,11614047,2019,137
canada,11479671,2019,138
Music,11364199,2019,138
conspiracy,11281240,2019,137
Android,11249794,2019,131
magicTCG,11130028,2019,126
science,10865472,2019,151
ukpolitics,9635841,2019,136
television,9436317,2019,136
electronic_cigarette,9317789,2019,126
sex,9183079,2019,138
starcraft,8540821,2019,127
fffffffuuuuuuuuuuuu,8515585,2019,126
unitedkingdom,8456189,2019,135
guns,8456110,2019,136
formula1,8363897,2019,126
india,8335717,2019,137
cars,8033871,2019,129
Christianity,7967308,2019,137
australia,7927563,2019,137
relationship_advice,7704509,2019,121
apple,7179172,2019,138
tf2,7141913,2019,129
Cricket,6991634,2019,123
Drugs,6912298,2019,137
StarWars,6708593,2019,132
Eve,6700455,2019,126
Libertarian,6593318,2019,136
motorcycles,6338876,2019,133
books,6252704,2019,138
interestingasfuck,6043432,2019,128
Jokes,5966976,2019,138
programming,5947043,2019,159
de,5763314,2019,159
france,5486752,2019,136
pcgaming,5362577,2019,126
Gunners,5256167,2019,135
food,5236140,2019,138
PoliticalHumor,4793025,2019,130
sysadmin,4609642,2019,124
4chan,4558293,2019,138
ireland,4440406,2019,133
NASCAR,4427594,2019,121
argentina,4411381,2019,131
MensRights,4376570,2019,136
space,4374465,2019,136
sports,4367065,2019,140
childfree,4291006,2019,123
toronto,4090796,2019,124
bodybuilding,4069795,2019,123
Guitar,3929807,2019,133
comicbooks,3920378,2019,132
newzealand,3828025,2019,132
vegan,3530173,2019,133
photography,3451291,2019,137
Conservative,3406474,2019,133
Frugal,3402697,2019,136
depression,3359420,2019,126
bestof,3280463,2019,138
bicycling,3280028,2019,134
DIY,3243426,2019,137
Portland,3150334,2019,124
linux,3114861,2019,138
italy,2924433,2019,132
iphone,2917265,2019,136
golf,2908357,2019,124
cats,2805090,2019,125
Documentaries,2762266,2019,134
Austin,2759062,2019,131
circlejerk,2726704,2019,127
Parenting,2717639,2019,136
Economics,2712648,2019,138
chicago,2624212,2019,133
running,2622999,2019,122
